first_name,middle_name,last_name,thomas_id,twitter_account,state,dw_nominate,ideal_point,party
Robert,B.,Aderholt,1460,Robert_Aderholt,AL,,,R
Justin,,Amash,2029,RepJustinAmash,MI,,,R
Mark,,Amodei,2090,MarkAmodeiNV2,NV,,,R
Alma,,Adams,2201,RepAdams,NC,,,D
Pete,,Aguilar,2229,aguilarpete,CA,,,D
Rick,,Allen,2239,RepRickAllen,GA,,,R
Brad,,Ashford,2257,RepBradAshford,NE,,,D
Ralph,,Abraham,2244,RepAbraham,LA,,,R
Joe,L.,Barton,62,RepJoeBarton,TX,,,R
Xavier,,Becerra,70,RepBecerra,CA,,,D
Sanford,D.,Bishop Jr.,91,SanfordBishop,GA,,,D
Earl,,Blumenauer,99,BlumenauerMedia,OR,,,D
John,A.,Boehner,102,SpeakerBoehner,OH,,,R
Kevin,,Brady,1468,RepKevinBrady,TX,,,R
Corrine,,Brown,132,RepCorrineBrown,FL,,,D
Robert,A.,Brady,1469,RepBrady,PA,,,D
Marsha,,Blackburn,1748,MarshaBlackburn,TN,,,R
Madeleine,Z.,Bordallo,1723,,GU,,,D
Michael,C.,Burgess,1751,MichaelCBurgess,TX,,,R
Rob,,Bishop,1753,RepRobBishop,UT,,,R
G.,K.,Butterfield,1761,GKButterfield,NC,,,D
Charles,,Boustany Jr.,1787,RepBoustany,LA,,,R
Gus,,Bilirakis,1838,RepGusBilirakis,FL,,,R
Vern,,Buchanan,1840,VernBuchanan,FL,,,R
Lou,,Barletta,2054,RepLouBarletta,PA,,,R
Karen,,Bass,1996,RepKarenBass,CA,,,D
Dan,,Benishek,2027,CongressmanDan,MI,,,R
Diane,,Black,2063,RepDianeBlack,TN,,,R
Mo,,Brooks,1987,RepMoBrooks,AL,,,R
Larry,,Bucshon,2018,RepLarryBucshon,IN,,,R
Suzanne,,Bonamici,2092,RepBonamici,OR,,,D
Joyce,,Beatty,2153,RepBeatty,OH,,,D
Andy,,Barr,2131,RepAndyBarr,KY,,,R
Jim,,Bridenstine,2155,RepJBridenstine,OK,,,R
Susan,,Brooks,2129,SusanWBrooks,IN,,,R
Julia,,Brownley,2106,JuliaBrownley26,CA,,,D
Cheri,,Bustos,2127,RepCheri,IL,,,D
Ami,,Bera,2102,RepBera,CA,,,D
Bradley,,Byrne,2197,RepByrne,AL,,,R
David,A.,Brat,2203,RepDaveBrat,VA,,,R
Brian,,Babin,2270,RepBrianBabin,TX,,,R
Donald,,Beyer,2272,RepDonBeyer,VA,,,D
Mike,,Bishop,2249,RepMikeBishop,MI,,,R
Rod,,Blum,2241,RepRodBlum,IA,,,R
Mike,,Bost,2243,RepBost,IL,,,R
Brendan,,Boyle,2267,RepBrendanBoyle,PA,,,D
Ken,,Buck,2233,RepKenBuck,CO,,,R
Ken,,Calvert,165,KenCalvert,CA,,,R
Steven,J.,Chabot,186,RepSteveChabot,OH,,,R
Donna,M.C.,Christensen,1474,DelegateDonna,VI,,,D
James,E.,Clyburn,208,Clyburn,SC,,,D
John,,Conyers Jr.,229,RepJohnConyers,MI,,,D
Jim,,Cooper,231,RepJimCooper,TN,,,D
Elijah,E.,Cummings,256,RepCummings,MD,,,D
Lois,,Capps,1471,RepLoisCapps,CA,,,D
Michael,E.,Capuano,1564,,MA,,,D
Joseph,,Crowley,1604,RepJoeCrowley,NY,,,D
Ander,,Crenshaw,1643,AnderCrenshaw,FL,,,R
John,,Culberson,1670,CongCulberson,TX,,,R
William,Lacy,Clay,1654,LacyClayMO1,MO,,,D
John,,Carter,1752,JudgeCarter,TX,,,R
Tom,,Cole,1742,TomColeOK04,OK,,,R
Jim,,Costa,1774,RepJimCosta,CA,,,D
Emanuel,,Cleaver II,1790,RepCleaver,MO,,,D
K.,Michael,Conaway,1805,ConawayTX11,TX,,,R
Henry,,Cuellar,1807,RepCuellar,TX,,,D
Kathy,,Castor,1839,USRepKCastor,FL,,,D
Yvette,D.,Clarke,1864,YvetteClarke,NY,,,D
Steve,,Cohen,1878,RepCohen,TN,,,D
Joe,,Courtney,1836,RepJoeCourtney,CT,,,D
André,,Carson,1889,RepAndreCarson,IN,,,D
Jason,,Chaffetz,1956,JasonInTheHouse,UT,,,R
Mike,,Coffman,1912,RepMikeCoffman,CO,,,R
Gerald,E.,Connolly,1959,GerryConnolly,VA,,,D
Judy,,Chu,1970,RepJudyChu,CA,,,D
John,,Carney,1999,JohnCarneyde,DE,,,D
David,,Cicilline,2055,davidcicilline,RI,,,D
Rick,,Crawford,1989,RepRickCrawford,AR,,,R
Matt,,Cartwright,2159,RepCartwright,PA,,,D
Joaquin,,Castro,2163,JoaquinCastrotx,TX,,,D
Chris,,Collins,2151,RepChrisCollins,NY,,,R
Doug,,Collins,2121,RepDougCollins,GA,,,R
Paul,,Cook,2103,RepPaulCook,CA,,,R
Kevin,,Cramer,2144,RepKevinCramer,ND,,,R
Tony,,Cardenas,2107,RepCardenas,CA,,,D
Katherine,,Clark,2196,RepKClark,MA,,,D
Curt,,Clawson,2200,RepCurtClawson,FL,,,R
Buddy,,Carter,2236,RepBuddyCarter,GA,,,R
Barbara,,Comstock,2273,RepComstock,VA,,,R
Ryan,,Costello,2266,RepRyanCostello,PA,,,R
Carlos,,Curbelo,2235,RepCurbelo,FL,,,R
Danny,K.,Davis,1477,RepDannyDavis,IL,,,D
Peter,A.,DeFazio,279,RepPeterDeFazio,OR,,,D
Diana,,DeGette,1479,RepDianaDeGette,CO,,,D
Rosa,,DeLauro,281,RosaDeLauro,CT,,,D
Lloyd,,Doggett,303,RepLloydDoggett,TX,,,D
Mike,,Doyle,316,USRepMikeDoyle,PA,,,D
John,J.,Duncan Jr.,322,RepJohnDuncanJr,TN,,,R
Susan,A.,Davis,1641,RepSusanDavis,CA,,,D
Mario,,Diaz-Balart,1717,MarioDB,FL,,,R
Charlie,,Dent,1799,,PA,,,R
Ted,,Deutch,1976,RepTedDeutch,FL,,,D
Jeffrey,,Denham,1995,RepJeffDenham,CA,,,R
Robert,,Dold,2013,RepDold,IL,,,R
Sean,,Duffy,2072,RepSeanDuffy,WI,,,R
Jeffrey,,Duncan,2057,RepJeffDuncan,SC,,,R
Scott,,DesJarlais,2062,DesJarlaisTN04,TN,,,R
Suzan,K.,DelBene,2096,RepDelBene,WA,,,D
Rodney,,Davis,2126,RodneyDavis,IL,,,R
John,,Delaney,2133,RepJohnDelaney,MD,,,D
Ron,,DeSantis,2116,RepDeSantis,FL,,,R
Tammy,,Duckworth,2123,RepDuckworth,IL,,,D
Mark,,DeSaulnier,2227,RepDeSaulnier,CA,,,D
Debbie,,Dingell,2251,RepDebDingell,MI,,,D
Daniel,M.,Donovan,2293,,NY,,,R
Eliot,L.,Engel,344,RepEliotEngel,NY,,,D
Anna,G.,Eshoo,355,RepAnnaEshoo,CA,,,D
Keith,,Ellison,1857,KeithEllison,MN,,,D
Donna,,Edwards,1894,RepDonnaEdwards,MD,,,D
Renee,,Ellmers,2036,RepReneeEllmers,NC,,,R
Elizabeth,,Esty,2114,RepEsty,CT,,,D
Tom,,Emmer,2253,RepTomEmmer,MN,,,R
Sam,,Farr,368,RepSamFarr,CA,,,D
Chaka,,Fattah,371,ChakaFattah,PA,,,D
Rodney,,Frelinghuysen,414,USRepRodney,NJ,,,R
J.,Randy,Forbes,1683,Randy_Forbes,VA,,,R
Trent,,Franks,1707,RepTrentFranks,AZ,,,R
Jeff,,Fortenberry,1793,JeffFortenberry,NE,,,R
Virginia,,Foxx,1791,VirginiaFoxx,NC,,,R
Michael,G.,Fitzpatrick,1797,RepFitzpatrick,PA,,,R
Bill,,Foster,1888,RepBillFoster,IL,,,D
Marcia,L.,Fudge,1895,RepMarciaFudge,OH,,,D
John,,Fleming,1924,RepFleming,LA,,,R
Stephen,,Fincher,2064,RepFincherTN08,TN,,,R
Chuck,,Fleischmann,2061,RepChuck,TN,,,R
Blake,,Farenthold,2067,Farenthold,TX,,,R
Bill,,Flores,2065,RepBillFlores,TX,,,R
Lois,,Frankel,2119,RepLoisFrankel,FL,,,D
Robert,W.,Goodlatte,446,RepGoodlatte,VA,,,R
Kay,,Granger,1487,RepKayGranger,TX,,,R
Gene,,Green,462,RepGeneGreen,TX,,,D
Luis,V.,Gutierrez,478,RepGutierrez,IL,,,D
Sam,,Graves,1656,,MO,,,R
Scott,,Garrett,1737,RepGarrett,NJ,,,R
Raúl,M.,Grijalva,1708,RepraulGrijalva,AZ,,,D
Louie,,Gohmert,1801,RepLouieGohmert,TX,,,R
Al,,Green,1803,RepAlGreen,TX,,,D
Alan,,Grayson,1914,AlanGrayson,FL,,,D
Brett,,Guthrie,1922,RepGuthrie,KY,,,R
John,,Garamendi,1973,RepGaramendi,CA,,,D
Tom,,Graves,1979,RepTomGraves,GA,,,R
Bob,,Gibbs,2049,RepBobGibbs,OH,,,R
Chris,,Gibson,2043,RepChrisGibson,NY,,,R
Paul,,Gosar,1992,RepGosar,AZ,,,R
Trey,,Gowdy,2058,TGowdySC,SC,,,R
Morgan,,Griffith,2070,RepMGriffith,VA,,,R
Mike,,Grimm,2041,RepMichaelGrimm,NY,,,R
Frank,,Guinta,2038,RepFrankGuinta,NH,,,R
Tulsi,,Gabbard,2122,TulsiGabbard,HI,,,D
Ruben,,Gallego,2226,RepRubenGallego,AZ,,,D
Gwen,,Graham,2234,RepGwenGraham,FL,,,D
Glenn,,Grothman,2276,grothmanforwi,WI,,,R
Garret,,Graves,2245,garretgraves,LA,,,R
Alcee,L.,Hastings,511,RepHastingsFL,FL,,,D
Rubén,,Hinojosa,1490,USRepRHinojosa,TX,,,D
Steny,H.,Hoyer,566,WhipHoyer,MD,,,D
Michael,M.,Honda,1634,RepMikeHonda,CA,,,D
Jeb,,Hensarling,1749,RepHensarling,TX,,,R
Brian,,Higgins,1794,RepBrianHiggins,NY,,,D
Gregg,,Harper,1933,GreggHarper,MS,,,R
Jim,,Himes,1913,JAHimes,CT,,,D
Duncan,D.,Hunter,1909,Rep_Hunter,CA,,,R
Richard,,Hanna,2044,RepRichardHanna,NY,,,R
Andy,,Harris,2026,RepAndyHarrisMD,MD,,,R
Vicky,,Hartzler,2032,RepHartzler,MO,,,R
Joe,,Heck,2040,RepJoeHeck,NV,,,R
Jaime,,Herrera Beutler,2071,HerreraBeutler,WA,,,R
Tim,,Huelskamp,2020,CongHuelskamp,KS,,,R
Bill,,Huizenga,2028,RepHuizenga,MI,,,R
Randy,,Hultgren,2015,RepHultgren,IL,,,R
Robert,,Hurt,2069,RepRobertHurt,VA,,,R
Janice,,Hahn,2089,Rep_JaniceHahn,CA,,,D
Denny,,Heck,2170,RepDennyHeck,WA,,,D
George,,Holding,2143,RepHolding,NC,,,R
Richard,,Hudson,2140,RepRichHudson,NC,,,R
Jared,,Huffman,2101,RepHuffman,CA,,,D
Cresent,,Hardy,2260,RepHardy,NV,,,R
Jody,,Hice,2237,CongressmanHice,GA,,,R
French,,Hill,2223,RepFrenchHill,AR,,,R
Will,,Hurd,2269,HurdOnTheHill,TX,,,R
Darrell,,Issa,1640,DarrellIssa,CA,,,R
Steve,,Israel,1663,RepSteveIsrael,NY,,,D
Sheila,,Jackson-Lee,588,JacksonLeeTX18,TX,,,D
Eddie,Bernice,Johnson,599,RepEBJ,TX,,,D
Sam,,Johnson,603,SamsPressShop,TX,,,R
Walter,B.,Jones,612,RepWalterJones,NC,,,R
Hank,,Johnson,1843,RepHankJohnson,GA,,,D
Jim,,Jordan,1868,Jim_Jordan,OH,,,R
Lynn,,Jenkins,1921,RepLynnJenkins,KS,,,R
Bill,,Johnson,2046,RepBillJohnson,OH,,,R
Hakeem,,Jeffries,2149,RepJeffries,NY,,,D
Dave,,Joyce,2154,RepDaveJoyce,OH,,,R
David,W.,Jolly,2199,USRepDavidJolly,FL,,,R
Evan,,Jenkins,2278,RepEvanJenkins,WV,,,R
Marcy,,Kaptur,616,RepMarcyKaptur,OH,,,D
Ron,,Kind,1498,RepRonKind,WI,,,D
Peter,T.,King,635,RepPeteKing,NY,,,R
Steve,,King,1724,SteveKingIA,IA,,,R
John,,Kline,1733,RepJohnKline,MN,,,R
Ann,,Kirkpatrick,1907,RepKirkpatrick,AZ,,,D
Bill,,Keating,2025,USRepKeating,MA,,,D
Mike,,Kelly,2051,MikeKellyPA,PA,,,R
Adam,,Kinzinger,2014,RepKinzinger,IL,,,R
Joseph,P.,Kennedy III,2172,RepJoeKennedy,MA,,,D
Dan,,Kildee,2134,RepDanKildee,MI,,,D
Derek,,Kilmer,2169,RepDerekKilmer,WA,,,D
Ann,McLane,Kuster,2145,RepAnnieKuster,NH,,,D
Robin,,Kelly,2190,RepRobinKelly,IL,,,D
John,,Katko,2264,RepJohnKatko,NY,,,R
Steve,,Knight,2228,RepSteveKnight,CA,,,R
Trent,,Kelly,2294,,MS,,,R
Sander,M.,Levin,683,RepSandyLevin,MI,,,D
John,,Lewis,688,RepJohnLewis,GA,,,D
Zoe,,Lofgren,701,RepZoeLofgren,CA,,,D
Nita,M.,Lowey,709,NitaLowey,NY,,,D
Frank,D.,Lucas,711,RepFrankLucas,OK,,,R
Barbara,,Lee,1501,RepBarbaraLee,CA,,,D
Frank,A.,LoBiondo,699,RepLoBiondo,NJ,,,R
John,B.,Larson,1583,RepJohnLarson,CT,,,D
Jim,,Langevin,1668,JimLangevin,RI,,,D
Rick,,Larsen,1675,RepRickLarsen,WA,,,D
Stephen,F.,Lynch,1686,RepStephenLynch,MA,,,D
Daniel,,Lipinski,1781,RepLipinski,IL,,,D
Doug,,Lamborn,1834,RepDLamborn,CO,,,R
Dave,,Loebsack,1846,DaveLoebsack,IA,,,D
Robert,E.,Latta,1885,BobLatta,OH,,,R
Leonard,,Lance,1936,RepLanceNJ7,NJ,,,R
Blaine,,Luetkemeyer,1931,RepBlainePress,MO,,,R
Ben,Ray,Lujan,1939,RepBenRayLujan,NM,,,D
Cynthia,M.,Lummis,1960,CynthiaLummis,WY,,,R
Raul,,Labrador,2011,Raul_Labrador,ID,,,R
Billy,,Long,2033,USRepLong,MO,,,R
Doug,,LaMalfa,2100,RepLaMalfa,CA,,,R
Alan,,Lowenthal,2111,RepLowenthal,CA,,,D
Michelle,,Lujan Grisham,2146,RepLujanGrisham,NM,,,D
Brenda,,Lawrence,2252,RepLawrence,MI,,,D
Ted,,Lieu,2230,RepTedLieu,CA,,,D
Barry,,Loudermilk,2238,RepLoudermilk,GA,,,R
Mia,,Love,2271,RepMiaLove,UT,,,R
Darin,M.,LaHood,,,IL,,,R
Carolyn,B.,Maloney,729,RepMaloney,NY,,,D
Jim,,McGovern,1504,RepMcGovern,MA,,,D
Jim,,McDermott,766,RepJimMcDermott,WA,,,D
John,L.,Mica,800,,FL,,,R
Gregory,W.,Meeks,1506,GregoryMeeks,NY,,,D
Betty,,McCollum,1653,BettyMcCollum04,MN,,,D
Jeff,,Miller,1685,RepJeffMiller,FL,,,R
Candice,S.,Miller,1731,CandiceMiller,MI,,,R
Tim,,Murphy,1744,RepTimMurphy,PA,,,R
Patrick,T.,McHenry,1792,PatrickMcHenry,NC,,,R
Michael,,McCaul,1804,RepMcCaul,TX,,,R
Kenny,,Marchant,1806,RepKenMarchant,TX,,,R
Cathy,,McMorris Rodgers,1809,CathyMcMorris,WA,,,R
Gwen,,Moore,1811,RepGwenMoore,WI,,,D
Doris,,Matsui,1814,DorisMatsui,CA,,,D
Kevin,,McCarthy,1833,GOPLeader,CA,,,R
Jerry,,McNerney,1832,RepMcNerney,CA,,,D
Tom,,McClintock,1908,RepMcClintock,CA,,,R
Tom,,Marino,2053,RepTomMarino,PA,,,R
David,,McKinley,2074,RepMcKinley,WV,,,R
Pat,,Meehan,2052,RepMeehan,PA,,,R
Mick,,Mulvaney,2059,RepMickMulvaney,SC,,,R
Thomas,,Massie,2094,RepThomasMassie,KY,,,R
Sean,Patrick,Maloney,2150,RepSeanMaloney,NY,,,D
Mark,,Meadows,2142,RepMarkMeadows,NC,,,R
Grace,,Meng,2148,RepGraceMeng,NY,,,D
Luke,,Messer,2130,RepLukeMesser,IN,,,R
Markwayne,,Mullin,2156,RepMullin,OK,,,R
Patrick,,Murphy,2117,RepMurphyFL,FL,,,D
Tom,,MacArthur,2258,RepTomMacArthur,NJ,,,R
John,,Moolenaar,2248,RepMoolenaar,MI,,,R
Alex,,Mooney,2277,RepAlexMooney,WV,,,R
Seth,,Moulton,2246,sethmoulton,MA,,,D
Martha,,McSally,2225,repmcsally,AZ,,,R
Jerrold,,Nadler,850,RepJerryNadler,NY,,,D
Richard,E.,Neal,854,RepRichardNeal,MA,,,D
Rick,,Nolan,867,USRepRickNolan,MN,,,D
Eleanor,Holmes,Norton,868,EleanorNorton,DC,,,D
Grace,F.,Napolitano,1602,GraceNapolitano,CA,,,D
Devin,,Nunes,1710,Rep_DevinNunes,CA,,,R
Randy,,Neugebauer,1758,RandyNeugebauer,TX,,,R
Kristi,,Noem,2060,RepKristiNoem,SD,,,R
Richard,,Nugent,2001,RepRichNugent,FL,,,R
Alan,,Nunnelee,2034,RepAlanNunnelee,MS,,,R
Donald,W.,Norcross,2202,donnorcross4nj,NJ,,,D
Dan,,Newhouse,2275,RepNewhouse,WA,,,R
Pete,,Olson,1955,OlsonPressShop,TX,,,R
Beto,,O&#x27;Rourke,2162,RepBetoORourke,TX,,,D
Frank,,Pallone,887,FrankPallone,NJ,,,D
Bill,,Pascrell Jr.,1510,BillPascrell,NJ,,,D
Nancy,,Pelosi,905,NancyPelosi,CA,,,D
Collin,C.,Peterson,910,,MN,,,D
Joe,,Pitts,1514,RepJoePitts,PA,,,R
David,E.,Price,930,RepDavidEPrice,NC,,,D
Steve,,Pearce,1738,RepStevePearce,NM,,,R
Tom,,Price,1778,RepTomPrice,GA,,,R
Ted,,Poe,1802,JudgeTedPoe,TX,,,R
Ed,,Perlmutter,1835,RepPerlmutter,CO,,,D
Erik,,Paulsen,1930,RepErikPaulsen,MN,,,R
Pedro,,Pierluisi,1953,PedroPierluisi,PR,,,D
Chellie,,Pingree,1927,ChelliePingree,ME,,,D
Jared,,Polis,1910,JaredPolis,CO,,,D
Bill,,Posey,1915,CongBillPosey,FL,,,R
Steven,,Palazzo,2035,CongPalazzo,MS,,,R
Mike,,Pompeo,2022,RepMikePompeo,KS,,,R
Donald,M.,Payne Jr.,2097,RepDonaldPayne,NJ,,,D
Scott,,Perry,2157,RepScottPerry,PA,,,R
Robert,,Pittenger,2141,RepPittenger,NC,,,R
Mark,,Pocan,2171,RepMarkPocan,WI,,,D
Scott,,Peters,2113,RepScottPeters,CA,,,D
Gary,,Palmer,2221,USRepGaryPalmer,AL,,,R
Stacey,,Plaskett,2274,,VI,,,D
Bruce,,Poliquin,2247,RepPoliquin,ME,,,R
Mike,,Quigley,1967,RepMikeQuigley,IL,,,D
Charles,B.,Rangel,944,CBRangel,NY,,,D
Harold,,Rogers,977,RepHalRogers,KY,,,R
Dana,,Rohrabacher,979,,CA,,,R
Ileana,,Ros-Lehtinen,985,RosLehtinen,FL,,,R
Lucille,,Roybal-Allard,997,RepRoybalAllard,CA,,,D
Ed,,Royce,998,RepEdRoyce,CA,,,R
Bobby,L.,Rush,1003,RepBobbyRush,IL,,,D
Paul,D.,Ryan,1560,RepPaulRyan,WI,,,R
Mike,D.,Rogers,1704,RepMikeRogersAL,AL,,,R
C.A. Dutch,,Ruppersberger,1728,Call_Me_Dutch,MD,,,D
Tim,,Ryan,1756,RepTimRyan,OH,,,D
Dave,,Reichert,1810,DaveReichert,WA,,,R
Peter,,Roskam,1848,PeterRoskam,IL,,,R
Phil,,Roe,1954,DrPhilRoe,TN,,,R
Tom,,Rooney,1916,TomRooney,FL,,,R
Tom,,Reed,1982,RepTomReed,NY,,,R
Jim,,Renacci,2048,RepJimRenacci,OH,,,R
Reid,,Ribble,2073,RepRibble,WI,,,R
Cedric,,Richmond,2023,RepRichmond,LA,,,D
Scott,,Rigell,2068,RepScottRigell,VA,,,R
Martha,,Roby,1986,RepMarthaRoby,AL,,,R
Todd,,Rokita,2017,ToddRokita,IN,,,R
Dennis,,Ross,2003,RepDennisRoss,FL,,,R
Tom,,Rice,2160,RepTomRice,SC,,,R
Keith,,Rothfus,2158,KeithRothfus,PA,,,R
Raul,,Ruiz,2109,CongressmanRuiz,CA,,,D
Amata,Coleman,Radewagen,2222,,AS,,,R
John,,Ratcliffe,2268,RepRatcliffe,TX,,,R
Kathleen,,Rice,2262,RepKathleenRice,NY,,,D
David,,Rouzer,2256,RepDavidRouzer,NC,,,R
Steve,,Russell,2265,USRepRussell,OK,,,R
Matt,,Salmon,1009,RepMattSalmon,AZ,,,R
Loretta,,Sanchez,1522,LorettaSanchez,CA,,,D
Mark,,Sanford,1012,RepSanfordSC,SC,,,R
Robert,C.,Scott,1037,RepBobbyScott,VA,,,D
F.,James,Sensenbrenner,1041,JimPressOffice,WI,,,R
José,E.,Serrano,1042,RepJoseSerrano,NY,,,D
Pete,,Sessions,1525,PeteSessions,TX,,,R
Brad,,Sherman,1526,BradSherman,CA,,,D
John,,Shimkus,1527,RepShimkus,IL,,,R
Louise,M.,Slaughter,1069,LouiseSlaughter,NY,,,D
Adam,,Smith,1528,RepAdamSmith,WA,,,D
Christopher,H.,Smith,1071,RepChrisSmith,NJ,,,R
Lamar,,Smith,1075,LamarSmithTX21,TX,,,R
Jan,,Schakowsky,1588,JanSchakowsky,IL,,,D
Mike,,Simpson,1590,CongMikeSimpson,ID,,,R
Adam,B.,Schiff,1635,RepAdamSchiff,CA,,,D
Bill,,Shuster,1681,RepBillShuster,PA,,,R
Linda,T.,Sanchez,1757,RepLindaSanchez,CA,,,D
David,,Scott,1722,RepDavidScott,GA,,,D
Albio,,Sires,1818,RepSires,NJ,,,D
John,,Sarbanes,1854,RepSarbanes,MD,,,D
Adrian,,Smith,1860,RepAdrianSmith,NE,,,R
Jackie,,Speier,1890,RepSpeier,CA,,,D
Steve,,Scalise,1892,SteveScalise,LA,,,R
Gregorio &#x27;Kilili&#x27;,Camacho,Sablan,1962,,MP,,,I
Aaron,,Schock,1920,AaronSchock,IL,,,R
Kurt,,Schrader,1950,RepSchrader,OR,,,D
David,,Schweikert,1994,RepDavid,AZ,,,R
Terri,,Sewell,1988,RepTerriSewell,AL,,,D
Steve,,Stivers,2047,RepSteveStivers,OH,,,R
Marlin,,Stutzman,1981,RepStutzman,IN,,,R
Austin,,Scott,2009,AustinScottGA08,GA,,,R
Kyrsten,,Sinema,2099,RepSinema,AZ,,,D
Chris,,Stewart,2168,RepChrisStewart,UT,,,R
Eric,,Swalwell,2104,RepSwalwell,CA,,,D
Jason,,Smith,2191,RepJasonSmith,MO,,,R
Elise,,Stefanik,2263,RepStefanik,NY,,,R
Bennie,,Thompson,1151,BennieGThompson,MS,,,D
William,M.,Thornberry,1155,MacTXPress,TX,,,R
Mike,,Thompson,1593,RepThompson,CA,,,D
Pat,,Tiberi,1664,TiberiPress,OH,,,R
Michael,R.,Turner,1741,RepMikeTurner,OH,,,R
Niki,,Tsongas,1884,NikiInTheHouse,MA,,,D
Glenn,,Thompson,1952,CongressmanGT,PA,,,R
Dina,,Titus,1940,RepDinaTitus,NV,,,D
Paul,,Tonko,1942,RepPaulTonko,NY,,,D
Scott,,Tipton,1997,RepTipton,CO,,,R
Mark,,Takano,2110,RepMarkTakano,CA,,,D
Mark,,Takai,2240,RepMarkTakai,HI,,,D
Norma,,Torres,2231,normajtorres,CA,,,D
Dave,,Trott,2250,repdavetrott,MI,,,R
Fred,,Upton,1177,RepFredUpton,MI,,,R
Nydia,M.,Velázquez,1184,NydiaVelazquez,NY,,,D
Peter,J.,Visclosky,1188,RepVisclosky,IN,,,D
Chris,,Van Hollen,1729,ChrisVanHollen,MD,,,D
David,,Valadao,2105,RepDavidValadao,CA,,,R
Juan,,Vargas,2112,RepJuanVargas,CA,,,D
Marc,,Veasey,2166,RepVeasey,TX,,,D
Filemon,,Vela,2167,RepFilemonVela,TX,,,D
Maxine,,Waters,1205,MaxineWaters,CA,,,D
Edward,,Whitfield,1222,RepEdWhitfield,KY,,,R
Greg,,Walden,1596,RepGregWalden,OR,,,R
Joe,,Wilson,1688,RepJoeWilson,SC,,,R
Lynn,,Westmoreland,1779,RepWestmoreland,GA,,,R
Debbie,,Wasserman Schultz,1777,RepDWStweets,FL,,,D
Tim,,Walberg,1855,RepWalberg,MI,,,R
Tim,,Walz,1856,RepTimWalz,MN,,,D
Peter,,Welch,1879,PeterWelch,VT,,,D
Robert,J.,Wittman,1886,RobWittman,VA,,,R
Daniel,,Webster,2002,RepWebster,FL,,,R
Frederica,,Wilson,2004,RepWilson,FL,,,D
Steve,,Womack,1991,Rep_SteveWomack,AR,,,R
Rob,,Woodall,2008,RepRobWoodall,GA,,,R
Ann,,Wagner,2137,RepAnnWagner,MO,,,R
Jackie,,Walorski,2128,RepWalorski,IN,,,R
Randy,,Weber,2161,TXRandy14,TX,,,R
Brad,,Wenstrup,2152,RepBradWenstrup,OH,,,R
Roger,,Williams,2165,RepRWilliams,TX,,,R
Mark,,Walker,2255,RepMarkWalker,NC,,,R
Mimi,,Walters,2232,repmimiwalters,CA,,,R
Bruce,,Westerman,2224,RepWesterman,AR,,,R
Bonnie,,Watson Coleman,2259,RepBWColeman,NJ,,,D
Don,,Young,1256,RepDonYoung,AK,,,R
John,,Yarmuth,1853,RepJohnYarmuth,KY,,,D
Kevin,,Yoder,2021,RepKevinYoder,KS,,,R
Todd,,Young,2019,RepToddYoung,IN,,,R
Ted,,Yoho,2115,RepTedYoho,FL,,,R
David,,Young,2242,RepDavidYoung,IA,,,R
Lee,,Zeldin,2261,RepLeeZeldin,NY,,,R
Ryan,,Zinke,2254,RepRyanZinke,MT,,,R
Lamar,,Alexander,1695,SenAlexander,TN,,,R
Kelly,,Ayotte,2075,KellyAyotte,NH,,,R
Roy,,Blunt,1464,RoyBlunt,MO,,,R
Barbara,,Boxer,116,SenatorBoxer,CA,,,D
Sherrod,,Brown,136,SenSherrodBrown,OH,,,D
Richard,M.,Burr,153,SenatorBurr,NC,,,R
Tammy,,Baldwin,1558,SenatorBaldwin,WI,,,D
John,,Boozman,1687,JohnBoozman,AR,,,R
John,,Barrasso,1881,SenJohnBarrasso,WY,,,R
Michael,,Bennet,1965,SenBennetCo,CO,,,D
Richard,,Blumenthal,2076,SenBlumenthal,CT,,,D
Cory,,Booker,2194,CoryBooker,NJ,,,D
Maria,,Cantwell,172,CantwellPress,WA,,,D
Benjamin,L.,Cardin,174,SenatorCardin,MD,,,D
Thomas,R.,Carper,179,SenatorCarper,DE,,,D
Daniel,,Coats,209,SenDanCoats,IN,,,R
Thad,,Cochran,213,SenThadCochran,MS,,,R
Michael,D.,Crapo,250,MikeCrapo,ID,,,R
Susan,,Collins,1541,SenatorCollins,ME,,,R
Shelley,Moore,Capito,1676,SenCapito,WV,,,R
John,,Cornyn,1692,JohnCornyn,TX,,,R
Bob,,Casey,1828,SenBobCasey,PA,,,D
Bob,,Corker,1825,SenBobCorker,TN,,,R
Bill,,Cassidy,1925,BillCassidy,LA,,,R
Christopher,A.,Coons,1984,SenCoonsOffice,DE,,,D
Tom,,Cotton,2098,SenTomCotton,AR,,,R
Ted,,Cruz,2175,SenTedCruz,TX,,,R
Richard,J.,Durbin,326,SenatorDurbin,IL,,,D
Joe,,Donnelly,1850,SenDonnelly,IN,,,D
Steve,,Daines,2138,SteveDaines,MT,,,R
Michael,B.,Enzi,1542,SenatorEnzi,WY,,,R
Joni,,Ernst,2283,senjoniernst,IA,,,R
Dianne,,Feinstein,1332,SenFeinstein,CA,,,D
Jeff,,Flake,1633,JeffFlake,AZ,,,R
Al,,Franken,1969,,MN,,,D
Deb,,Fischer,2179,SenatorFischer,NE,,,R
Lindsey,,Graham,452,GrahamBlog,SC,,,R
Charles,E.,Grassley,457,ChuckGrassley,IA,,,R
Kirsten,E.,Gillibrand,1866,SenGillibrand,NY,,,D
Cory,,Gardner,1998,SenCoryGardner,CO,,,R
Orrin,G.,Hatch,1351,SenOrrinHatch,UT,,,R
Dean,,Heller,1863,SenDeanHeller,NV,,,R
Mazie,K.,Hirono,1844,MazieHirono,HI,,,D
Martin,,Heinrich,1937,MartinHeinrich,NM,,,D
John,,Hoeven,2079,SenJohnHoeven,ND,,,R
Heidi,,Heitkamp,2174,SenatorHeitkamp,ND,,,D
James,M.,Inhofe,583,InhofePress,OK,,,R
Johnny,,Isakson,1608,SenatorIsakson,GA,,,R
Ron,,Johnson,2086,SenRonJohnson,WI,,,R
Mark,Steven,Kirk,1647,SenatorKirk,IL,,,R
Amy,,Klobuchar,1826,amyklobuchar,MN,,,D
Angus,,King,2185,SenAngusKing,ME,,,I
Tim,,Kaine,2176,timkaine,VA,,,D
Patrick,J.,Leahy,1383,SenatorLeahy,VT,,,D
James,,Lankford,2050,SenatorLankford,OK,,,R
Mike,,Lee,2080,SenMikeLee,UT,,,R
Edward,J.,Markey,735,SenMarkey,MA,,,D
John,,McCain,754,SenJohnMcCain,AZ,,,R
Mitch,,McConnell,1395,McConnellPress,KY,,,R
Robert,,Menendez,791,SenatorMenendez,NJ,,,D
Barbara,A.,Mikulski,802,SenatorBarb,MD,,,D
Jerry,,Moran,1507,JerryMoran,KS,,,R
Patty,,Murray,1409,PattyMurray,WA,,,D
Lisa,,Murkowski,1694,LisaMurkowski,AK,,,R
Christopher,S.,Murphy,1837,ChrisMurphyCT,CT,,,D
Claire,,McCaskill,1820,clairecmc,MO,,,D
Jeff,,Merkley,1900,SenJeffMerkley,OR,,,D
Joe,,Manchin III,1983,Sen_JoeManchin,WV,,,D
Bill,,Nelson,859,SenBillNelson,FL,,,D
Rob,,Portman,924,SenRobPortman,OH,,,R
Gary,,Peters,1929,SenGaryPeters,MI,,,D
Rand,,Paul,2082,RandPaul,KY,,,R
David,,Perdue,2286,sendavidperdue,GA,,,R
Jack,,Reed,949,SenJackReed,RI,,,D
Harry,,Reid,952,SenatorReid,NV,,,D
Pat,,Roberts,968,SenPatRoberts,KS,,,R
Jim,,Risch,1896,SenatorRisch,ID,,,R
Marco,,Rubio,2084,SenRubioPress,FL,,,R
Mike,,Rounds,2288,SenatorRounds,SD,,,R
Bernard,,Sanders,1010,SenSanders,VT,,,I
Charles,E.,Schumer,1036,SenSchumer,NY,,,D
Richard,C.,Shelby,1049,SenShelby,AL,,,R
Debbie,,Stabenow,1531,SenStabenow,MI,,,D
Jeff,,Sessions,1548,SenatorSessions,AL,,,R
Jeanne,,Shaheen,1901,SenatorShaheen,NH,,,D
Tim,,Scott,2056,SenatorTimScott,SC,,,R
Brian,,Schatz,2173,SenBrianSchatz,HI,,,D
Ben,,Sasse,2289,SenSasse,NE,,,R
Dan,,Sullivan,2290,SenDanSullivan,AK,,,R
John,,Thune,1534,SenJohnThune,SD,,,R
Patrick,J.,Toomey,2085,SenToomey,PA,,,R
Jon,,Tester,1829,SenatorTester,MT,,,D
Thom,,Tillis,2291,SenThomTillis,NC,,,R
Tom,,Udall,1567,SenatorTomUdall,NM,,,D
David,,Vitter,1609,DavidVitter,LA,,,R
Roger,,Wicker,1226,SenatorWicker,MS,,,R
Ron,,Wyden,1247,RonWyden,OR,,,D
Sheldon,,Whitehouse,1823,SenWhitehouse,RI,,,D
Mark,,Warner,1897,MarkWarner,VA,,,D
Elizabeth,,Warren,2182,SenWarren,MA,,,D
